{"cameraMode":{"drawMode":0,"name":"Shaded","section":"Shading Mode"},"sceneLighting":true,"audioPlay":false,"sceneViewState":{"m_AlwaysRefresh":false,"showFog":true,"showSkybox":true,"showFlares":true,"showImageEffects":true,"showParticleSystems":true,"showVisualEffectGraphs":true,"m_FxEnabled":true},"in2DMode":false,"pivot":{"x":-380.6058044433594,"y":2.307209014892578,"z":276.2476501464844},"rotation":{"x":0.17651894688606263,"y":0.04803820326924324,"z":-0.0058000958524644379,"w":0.9837941527366638},"size":175.14756774902345,"orthographic":false}