{"cameraMode":{"drawMode":0,"name":"Shaded","section":"Shading Mode"},"sceneLighting":true,"audioPlay":false,"sceneViewState":{"m_AlwaysRefresh":false,"showFog":true,"showSkybox":true,"showFlares":true,"showImageEffects":true,"showParticleSystems":true,"showVisualEffectGraphs":true,"m_FxEnabled":true},"in2DMode":false,"pivot":{"x":-17.984935760498048,"y":12.817649841308594,"z":-13.089210510253907},"rotation":{"x":0.09542322903871536,"y":0.443513959646225,"z":-0.04755700007081032,"w":0.8900235295295715},"size":6.458532810211182,"orthographic":true}