{"cameraMode":{"drawMode":0,"name":"Shaded","section":"Shading Mode"},"sceneLighting":true,"audioPlay":false,"sceneViewState":{"m_AlwaysRefresh":false,"showFog":true,"showSkybox":true,"showFlares":true,"showImageEffects":true,"showParticleSystems":true,"showVisualEffectGraphs":true,"m_FxEnabled":true},"in2DMode":false,"pivot":{"x":0.4111061096191406,"y":63.042808532714847,"z":-17.912784576416017},"rotation":{"x":0.15775898098945619,"y":0.17264220118522645,"z":-0.028062403202056886,"w":0.9720284342765808},"size":11.938691139221192,"orthographic":false}