{"cameraMode":{"drawMode":0,"name":"Shaded","section":"Shading Mode"},"sceneLighting":true,"audioPlay":false,"sceneViewState":{"m_AlwaysRefresh":false,"showFog":true,"showSkybox":true,"showFlares":true,"showImageEffects":true,"showParticleSystems":true,"showVisualEffectGraphs":true,"m_FxEnabled":true},"in2DMode":false,"pivot":{"x":-230.87564086914063,"y":26.302391052246095,"z":209.88055419921876},"rotation":{"x":0.0037161028012633325,"y":0.5107746124267578,"z":-0.0004116653581149876,"w":0.8604238629341126},"size":101.9207534790039,"orthographic":false}