{"cameraMode":{"drawMode":0,"name":"Shaded","section":"Shading Mode"},"sceneLighting":true,"audioPlay":false,"sceneViewState":{"m_AlwaysRefresh":false,"showFog":true,"showSkybox":true,"showFlares":true,"showImageEffects":true,"showParticleSystems":true,"showVisualEffectGraphs":true,"m_FxEnabled":true},"in2DMode":false,"pivot":{"x":-252.00006103515626,"y":46.19141387939453,"z":252.00010681152345},"rotation":{"x":-0.050932787358760837,"y":0.2548896372318268,"z":-0.014292489737272263,"w":-0.9658277034759522},"size":93.86161041259766,"orthographic":false}